dataset,prediction_length,n_seeds,mse_mean,mse_std,mae_mean,mae_std,best_val_mse_mean,best_val_mse_std
ETTh1,96,3,0.3775330875215511,0.0001609023454796756,0.396163233127351,0.0002476696635363391,0.7547480442775816,0.0061071659060162944
ETTh1,192,3,0.42203991925695217,0.0005574650268513637,0.4229745104718684,0.001071831943238162,1.1651146622380488,0.0032242939098728893
ETTh1,336,3,0.46845508090064775,0.013547087953718421,0.45247243303223383,0.010491247368231708,1.5676516346011313,0.005079646406376012
ETTh1,720,3,0.4709197161562964,0.0041673499968832555,0.4684639008937294,0.0023605718162600683,1.8916886590126882,0.007765242581419158
ETTh2,96,3,0.29409889424911523,0.0013639334266922285,0.345334675184921,0.0002682390501046049,0.25735389696944916,0.002448403084498806
ETTh2,192,3,0.36927396580221095,0.008000959593918737,0.39258643815188765,0.003954270986668407,0.32128791311700866,0.005220986321924305
ETTh2,336,3,0.4220328838907043,0.0017099691155758189,0.4391417930343388,0.0010953234243763813,0.4725707046834555,0.008806309734079015
ETTh2,720,3,0.46112787671441974,0.004957006129008238,0.4706602219457054,0.003825273567622985,0.8764482483591913,0.012738063253291318
ETTm1,96,3,0.3177746953868505,0.002200432617365449,0.36565988944299,0.001598824342677826,0.44846146975228895,0.002352265761221949
ETTm1,192,3,0.3559070764588096,0.0008771766213881554,0.3843600106337161,0.0011275694921601361,0.6102967091648367,0.0006796960771402539
ETTm1,336,3,0.3862382488443243,0.0034965291166311743,0.4051106948027125,0.0027224193985476595,0.7427103926676905,0.0025362169600427653
ETTm1,720,3,0.43687094761214057,0.0020817040359328454,0.4327426559348806,0.0012507155719686219,1.1044019447648241,0.0001534086079210129
ETTm2,96,3,0.16501446201008724,0.00158372302436406,0.25617270949268545,0.001966577932683142,0.12737366904159125,0.0017956514904280147
ETTm2,192,3,0.22942033509038015,0.0013457194946835877,0.29796013618976785,0.001562711240197905,0.18337128705673075,0.0008933518479494338
ETTm2,336,3,0.28522422693338345,0.0017350190030377892,0.33444562142698125,0.0015742833782523213,0.2515625556576853,0.0016932701685336466
ETTm2,720,3,0.4037084256628544,0.02442786564504618,0.4062749444319836,0.012010175145383339,0.36799816284538506,0.0027512049482068817
Electricity,96,3,0.13798767525406397,0.0009492225708083318,0.23829304439101548,0.0012912146336305184,0.12603405383912605,0.0009505392895335008
Electricity,192,3,0.15494996163855204,0.00031027896783038906,0.25143879796618196,0.0003402331913658687,0.14218694152641162,0.00036788745314264354
Electricity,336,3,0.16600814316625964,0.002760130971568537,0.2663441587278996,0.002582098739798225,0.14499285024670996,0.0013104536552012136
Electricity,720,3,0.196810686460732,0.0023272933302701474,0.2956695278143089,0.0025322529064197266,0.16953977686343064,0.0020988844928241704
PEMS03,12,3,0.0639631507508518,0.0009808290226671448,0.1665534555539907,0.0014277608686600904,0.05414192594815456,0.0006104685544771661
PEMS03,24,3,0.08145342562079268,0.0003710234606428895,0.18663998923623018,0.0003858812024782235,0.061871652215508714,0.00017538283228365136
PEMS03,48,3,0.12374812749521949,0.0029611793064618893,0.2225053718724926,0.0019860371438676534,0.07386594758424804,0.00042553998793338924
PEMS03,96,3,0.15250916563720748,0.002493287677675756,0.24446727317244382,0.0017265799939710804,0.08334911613460261,0.0004394097674965184
PEMS04,12,3,0.06788826594957646,0.00029186452847746185,0.1679468093822891,0.0008833542624738462,0.06584681615219003,0.0002359762614243614
PEMS04,24,3,0.07748588102091561,0.0003641253893424854,0.17949094355369957,0.0006688117102411545,0.0727386808842024,0.00028225718353699285
PEMS04,48,3,0.09456029446733016,0.0016889038414575164,0.19794173342602253,0.0012895749991651293,0.08121265966233565,0.0004754546285865985
PEMS04,96,3,0.10536695391743246,0.0006862339897838837,0.2114270982321379,0.0011541420384106147,0.09084631104598188,9.732223319465177e-05
PEMS07,12,3,0.05111040645260584,0.0001629587244161908,0.14067843905782476,0.00035334893940684823,0.05660511406481912,0.00012663941260622916
PEMS07,24,3,0.0628674309478713,0.0003277148717125767,0.15443342345345043,0.00026286022733573434,0.0789205407377597,0.0011798769310220317
PEMS07,48,3,0.0760240784083251,0.002623893639678539,0.16978954415654682,0.002221727843229565,0.11849422694400293,0.006750116794435361
PEMS07,96,3,0.08884771146822984,0.0017397432920832191,0.1832535269716257,0.0012493695696995243,0.16380606069245207,0.0018674685904941828
PEMS08,12,3,0.06899053372294243,0.0002539726094461548,0.1611715859336685,0.00038563256130860274,0.08820720704194554,0.0013368232331590255
PEMS08,24,3,0.08647303709087183,0.0005053352280138173,0.17816430342937326,0.0007616457536861196,0.12259415516659562,0.002484337412589967
PEMS08,48,3,0.11786220460527946,0.0018097280405652669,0.20587303548691763,0.0006877075800540697,0.18743407870573067,0.004729896465475653
PEMS08,96,3,0.14572043203415122,0.0019032779687249888,0.22744653275334892,0.002606768500967525,0.2504213866790703,0.002004274571142014
Traffic,96,3,0.41418110795406266,0.002686053976608295,0.2685267480146011,0.0003925818435550646,0.4237907603660131,0.0007283566971670617
Traffic,192,3,0.4331717196940958,0.0015771266397613443,0.27740262225449946,0.0017085006084464848,0.4171134315711934,0.001917235525072882
Traffic,336,3,0.4502132346411504,0.0011946349622581791,0.2872656698738431,0.0048884712115299525,0.42925959253759666,0.0034023612967605606
Traffic,720,3,0.4954713857023041,0.0043228345721576696,0.30054097031904486,0.0032458274308654745,0.5109357739494093,0.004701944066797382
Weather,96,3,0.16546349492028156,0.0016125418636870404,0.23130517884661916,0.0016093027827427627,0.4972438644527356,0.002521328336702899
Weather,192,3,0.21648635817602294,9.896634596826151e-05,0.278973358887241,0.0006789768433223607,0.5431641082033581,0.0010260099860792066
Weather,336,3,0.2784606371179673,0.0014206997147110589,0.3284765492533662,0.001966312464717321,0.6195630004471393,0.0009909238262068474
Weather,720,3,0.3642656612847391,0.0011805714978375605,0.38718985247461357,0.0017758677272128557,0.7907398324573122,0.009739988391465199
