"dataset","prediction_length","seed","mse","mae","best_val_mse"
"ETTh1","96","2024","0.3777605005723957","0.39609689750844235","0.7608099249979153"
"ETTh1","192","2024","0.4218342558527688","0.42179820696698633","1.1683318957329658"
"ETTh1","336","2024","0.46327041192213625","0.4494316273906419","1.562372001399205"
"ETTh1","720","2024","0.4672063364669869","0.46545282063253346","1.9009809870550163"
"ETTh2","96","2024","0.2938853110331108","0.34563915418683744","0.25842168021867623"
"ETTh2","192","2024","0.36463435002005257","0.39184537640089784","0.3180588354058817"
"ETTh2","336","2024","0.42386804473139944","0.4406815742704867","0.4619847217981385"
"ETTh2","720","2024","0.4556187789447493","0.46856925312447206","0.866536430345431"
"ETTm1","96","2024","0.3187705508557362","0.3651298720262517","0.4452160342591627"
"ETTm1","192","2024","0.35584962472685194","0.3844344111027122","0.6107791295640405"
"ETTm1","336","2024","0.39056157937233343","0.4087054824653934","0.7396428529017058"
"ETTm1","720","2024","0.4359949396357701","0.43279927285034236","1.104318911074291"
"ETTm2","96","2024","0.16298958119643508","0.2536187112610874","0.12596661207818088"
"ETTm2","192","2024","0.22752780002838532","0.2958793651841736","0.18240555570046685"
"ETTm2","336","2024","0.28695228112199284","0.3356137758523168","0.2536685013958306"
"ETTm2","720","2024","0.3879471725501607","0.3966115035139677","0.36758846179349924"
"Electricity","96","2024","0.13894467723013101","0.24011893439397092","0.12736173408246387"
"Electricity","192","2024","0.15532432092977502","0.2512103144697668","0.14192229980248594"
"Electricity","336","2024","0.16360149286282819","0.2638794045378798","0.1465170820837854"
"Electricity","720","2024","0.19396066474151244","0.2933386889452806","0.16849746548511568"
"Traffic","96","2024","0.4108053615599923","0.2679779075838617","0.4235558048607119"
"Traffic","192","2024","0.43108132765283064","0.27586625031826484","0.4152441991474561"
"Traffic","336","2024","0.4515961807087289","0.29413920662765325","0.4244921688771848"
"Traffic","720","2024","0.49006746849456734","0.3002280231022123","0.504477164292306"
"Weather","96","2024","0.1659198949827676","0.23020518322867226","0.49387263194264724"
"Weather","192","2024","0.2165417118446885","0.27883457116873955","0.5436057693575437"
"Weather","336","2024","0.27729732862168455","0.32602681264158445","0.6186192047424339"
"Weather","720","2024","0.3628770960961325","0.3853818914064268","0.801811175286785"
"PEMS03","12","2024","0.0646354740741257","0.1682031442833815","0.05463709479620285"
"PEMS03","24","2024","0.0809984232227106","0.18612710701451718","0.06174727606123207"
"PEMS03","48","2024","0.12666323971054566","0.22355272237947485","0.07352280673963173"
"PEMS03","96","2024","0.15357325029447655","0.24391418627531763","0.08335837597411291"
"PEMS04","12","2024","0.06762287978243947","0.16717126608802985","0.06552553051102937"
"PEMS04","24","2024","0.07721359209692209","0.178889234637858","0.07279182924130759"
"PEMS04","48","2024","0.09639634500824253","0.19936421690257958","0.08078765770651015"
"PEMS04","96","2024","0.1049832167458576","0.21014395971743213","0.09081505995622742"
"PEMS07","12","2024","0.05120560805188706","0.14091252238727833","0.05674460678885141"
"PEMS07","24","2024","0.06300363606544945","0.15455968841990664","0.08038545293478291"
"PEMS07","48","2024","0.07300739584006584","0.16710686010665465","0.11016334189181387"
"PEMS07","96","2024","0.08805916010577952","0.18247928887299356","0.16172128105408573"
"PEMS08","12","2024","0.0687573775897571","0.1616678186722132","0.08665730886050683"
"PEMS08","24","2024","0.08718514090142736","0.17876211465866212","0.1219361105005861"
"PEMS08","48","2024","0.11868783313212278","0.20568505916054816","0.1863678283471335"
"PEMS08","96","2024","0.14302971046887958","0.22407603071799373","0.24807981225974515"
"ETTh1","96","2025","0.3774262239049008","0.39649424331559374","0.7463892136497059"
"ETTh1","192","2025","0.4228018623361103","0.42439059224557946","1.1663044670644875"
"ETTh1","336","2025","0.4870200417777622","0.46656918400341474","1.5745102562889113"
"ETTh1","720","2025","0.47673977798160755","0.47121783827482866","1.8921108249124892"
"ETTh2","96","2025","0.2958658841121622","0.3449864824113555","0.25396748090220983"
"ETTh2","192","2025","0.380531251283793","0.39775723039161326","0.32865291631140675"
"ETTh2","336","2025","0.42247916932920027","0.43822559652237614","0.47218220323580495"
"ETTh2","720","2025","0.4676367891894919","0.4760265817123356","0.894431216931217"
"ETTm1","96","2025","0.31472352276224014","0.3640213041632476","0.4494516587152439"
"ETTm1","192","2025","0.3570089671357733","0.38570229141290957","0.6107755219195522"
"ETTm1","336","2025","0.38199807843133343","0.4021193674231539","0.7458538968581665"
"ETTm1","720","2025","0.4397430212498696","0.4342453700297628","1.104617042588754"
"ETTm2","96","2025","0.16519795055176748","0.2564963131382203","0.12624643554015844"
"ETTm2","192","2025","0.2305403113341623","0.2996454198605497","0.1845595877049333"
"ETTm2","336","2025","0.28586877796177423","0.3355029197537587","0.2514967454937732"
"ETTm2","720","2025","0.38496635315999916","0.3990099755607579","0.3715538045893271"
"Electricity","96","2025","0.13669391624138377","0.23735895422500877","0.12555252194548902"
"Electricity","192","2025","0.15496102653289845","0.2519197608695741","0.1427071867827323"
"Electricity","336","2025","0.16454998185209532","0.2652431710978428","0.14331778791475053"
"Electricity","720","2025","0.19681004886519493","0.2944804091204257","0.16765403321644978"
"Traffic","96","2025","0.4173774841043832","0.26887370368352975","0.4247767726029294"
"Traffic","192","2025","0.43489047973702233","0.2765558368765069","0.4197489786157061"
"Traffic","336","2025","0.45036219255050947","0.28318734436818666","0.4322070838656119"
"Traffic","720","2025","0.5006489467008044","0.3046635051468633","0.5127949736784095"
"Weather","96","2025","0.1671702913051688","0.23358065931276092","0.49993533278158786"
"Weather","192","2025","0.21657000737177928","0.27986559404804806","0.5441402514379939"
"Weather","336","2025","0.27762362420079917","0.32856182554321545","0.6191377738405393"
"Weather","720","2025","0.36576277551145486","0.386584191707346","0.7923013496946424"
"PEMS03","12","2025","0.06257626344981332","0.16472032205952833","0.054506806741877564"
"PEMS03","24","2025","0.08145461458899807","0.1870578934191097","0.06211968064341959"
"PEMS03","48","2025","0.11968683082702253","0.2197247500108878","0.07360936243604177"
"PEMS03","96","2025","0.15488839760810197","0.24680347408683523","0.08388259132278289"
"PEMS04","12","2025","0.06774717994118519","0.16748642327369562","0.06592929986247782"
"PEMS04","24","2025","0.07800054233213914","0.18042379756943755","0.07305472181855366"
"PEMS04","48","2025","0.09496525184488813","0.19821887981338052","0.08187639855856313"
"PEMS04","96","2025","0.10633079074768714","0.2129422992375969","0.09074585492713542"
"PEMS07","12","2025","0.05088104809351927","0.14017905336525935","0.05643809156906805"
"PEMS07","24","2025","0.06241568574263696","0.15406749381475873","0.07749621142124033"
"PEMS07","48","2025","0.07566107085798034","0.16971437051606136","0.11862316345707244"
"PEMS07","96","2025","0.09126032808822282","0.18501607432060213","0.16625252629282133"
"PEMS08","12","2025","0.06887050707129837","0.16072755246353593","0.08804460279794182"
"PEMS08","24","2025","0.08616920262762151","0.17708943217002265","0.12591201196851023"
"PEMS08","48","2025","0.11954734804471055","0.20514063920625117","0.19368605110197537"
"PEMS08","96","2025","0.1470048532320537","0.2278384740445091","0.25020889995929546"
"ETTh1","96","2026","0.3774125380873568","0.39589855855801703","0.7570449941851235"
"ETTh1","192","2026","0.4214836395819775","0.4227347322030395","1.1607076239166931"
"ETTh1","336","2026","0.45507478900204484","0.4414164877026449","1.5660726461152776"
"ETTh1","720","2026","0.46881303402029484","0.46872104377382606","1.881974165070559"
"ETTh2","96","2026","0.2925454876020728","0.3453783889565701","0.25967252978746136"
"ETTh2","192","2026","0.3626562961027873","0.3881567076631518","0.3171519876337376"
"ETTh2","336","2026","0.4197514376115132","0.43851820831015365","0.4835451890164232"
"ETTh2","720","2026","0.46012806200901807","0.4673848310003085","0.868377097800926"
"ETTm1","96","2026","0.31983001254257515","0.36782849213947066","0.45071671628246024"
"ETTm1","192","2026","0.35486263751380354","0.3829433293855266","0.6093354760109175"
"ETTm1","336","2026","0.386155088729306","0.40450723451959014","0.7426344282431991"
"ETTm1","720","2026","0.43487488195078206","0.43118332492453665","1.1042698806314273"
"ETTm2","96","2026","0.16685585428205918","0.25840310407874856","0.1299079595064344"
"ETTm2","192","2026","0.23019289390859285","0.2983556235245803","0.18314871776479208"
"ETTm2","336","2026","0.28285162171638323","0.33222016867486825","0.24952242008345218"
"ETTm2","720","2026","0.43821175127840345","0.4232033542212251","0.3648522221533289"
"Electricity","96","2026","0.13832443229067712","0.23740124455406678","0.1251879054894253"
"Electricity","192","2026","0.15456453745298268","0.25118631855920487","0.1419313379940166"
"Electricity","336","2026","0.16987295478385545","0.26990990054797637","0.14514368074159398"
"Electricity","720","2026","0.19966134577548858","0.2991894853772204","0.17246783188872641"
"Traffic","96","2026","0.4143604781978124","0.26872863277641174","0.423039703634398"
"Traffic","192","2026","0.43354335169243446","0.2797857795687267","0.4163471169504181"
"Traffic","336","2026","0.4486813306642128","0.2844704586256895","0.43107952486999324"
"Traffic","720","2026","0.4956977419115405","0.296731382708059","0.5155351838775122"
"Weather","96","2026","0.16330029847290828","0.2301296939984243","0.4979236286339717"
"Weather","192","2026","0.216347355311601","0.27821991144493546","0.5417463038145368"
"Weather","336","2026","0.2804609585314182","0.33084100957529883","0.6209320227584448"
"Weather","720","2026","0.36415711224662983","0.389603474310068","0.778106972390509"
"PEMS03","12","2026","0.06467771472861635","0.16673690031906224","0.05328187630638327"
"PEMS03","24","2026","0.08190723905066936","0.1867349672750637","0.06174799994187447"
"PEMS03","48","2026","0.1248943119480903","0.22423864322711523","0.07446567357707061"
"PEMS03","96","2026","0.14906584900904396","0.24268415915517863","0.08280638110691203"
"PEMS04","12","2026","0.06829473812510471","0.16918273878514178","0.06608561808306287"
"PEMS04","24","2026","0.07724350863368559","0.1791597984538032","0.07236949159274596"
"PEMS04","48","2026","0.09231928654885985","0.1962421035621075","0.08097392272193368"
"PEMS04","96","2026","0.10478685425875263","0.2111950357413847","0.09097801825458281"
"PEMS07","12","2026","0.051244563212411186","0.1409437414209366","0.0566326438365379"
"PEMS07","24","2026","0.06318297103552749","0.15467308812568595","0.07887995785725586"
"PEMS07","48","2026","0.07940376852692915","0.1725474018469244","0.12669617548312248"
"PEMS07","96","2026","0.08722364621068719","0.18226521772128138","0.16344437473044918"
"PEMS08","12","2026","0.06934371650777182","0.16111938666525638","0.08991970946738798"
"PEMS08","24","2026","0.08606476774356663","0.17864136345943496","0.11993434303069053"
"PEMS08","48","2026","0.11535143263900505","0.20679340809395352","0.18224835666808317"
"PEMS08","96","2026","0.14712673240152038","0.23042509349754395","0.25297544781817033"
